{
  "public": {
    "per_pr_similarity": [
      0.12249999999999998
    ]
  },
  "private": {
    "errors": []
  },
  "combined_score": 0.12249999999999998,
  "runtime": 283.4813914299011
}