{
  "public": {
    "per_pr_similarity": [
      0.20411713540156562
    ]
  },
  "private": {
    "errors": []
  },
  "combined_score": 0.20411713540156562,
  "runtime": 61.09684348106384
}